{
  "Iptal": "pass_ret",
  "Onay": "pass_tik",
  "erkekTepkiID": "pass_erkek",
  "kadınTepkiID": "pass_kadin",
  "Tag": "pass_deynek",
  "chatSusturuldu": "pass_cmute",
  "sesSusturuldu": "pass_vmute",
  "Cezalandırıldı": "pass_cezalandirildi",
  "Yasaklandı": "pass_yasaklandi",
  "sesMuteKaldırıldı": "pass_unvmute",
  "chatMuteKaldırıldı": "pass_uncmute",
  "Konfeti": "pass_konfeti",
  "Icon": "pass_icon",
  "uyeEmojiID": "pass_uye",
  "sarıYıldız": "pass_yildiz",
  "boostluNitro": "pass_nitro",
  "Netflix": "pass_netflix",
  "Spotify": "pass_spotify",
  "Exxen": "pass_exxen",
  "Youtube": "pass_youtube",
  "voiceDeaf": "pass_voiceDeaf",
  "One": "bir",
  "Two": "iki",
  "Three": "uc",
  "Four": "dort",
  "Five": "bes",
  "Six": "alti",
  "Seven": "yedi",
  "Eight": "sekiz",
  "Nine": "dokuz",
  "Zero": "sifir",
  "Terfi": {
    "başlangıçBar": "baslangicBar",
    "başlamaBar": "baslamaBar",
    "doluBar": "doluBar",
    "doluBitişBar": "doluBitisBar",
    "boşBar": "bosBar",
    "boşBitişBar": "bosBitisBar",
    "icon": "icon",
    "miniicon": "icon"
  },
  "Görev": {
    "OK": "pass_tamamlandi",
    "Sandık": "pass_sandik",
    "Taglı": "pass_tagged",
    "Para": "pass_para",
    "XP": "pass_xp",
    "Ses": "pass_talking",
    "Yetkili": "pass_staff",
    "Kek": "pass_cookie",
    "Mesaj": "pass_chat",
    "Altın": "pass_gold"
  }
}