{
  "SERVER": {
    "ID": "1067032040987430952",
    "Name": "Môre #1840",
    "Install": true,

    "pm2":{
      "Server":"",
      "Sahip":""
    }
  },
  "PACKAGE": {
    "Type": "FULL",
    "Name": "Ruby VIP+",
    "Desc": "Bu paket tüm özellikleri ve tüm sistemleri kapsamaktadır.",
    "Status": true,
    "Price": 1000,
    "StartAt": 1664856195288,
    "LastPayment": 1666581165742,
    "Payments": [
      {
        "Id": 1,
        "Price": 1000,
        "Type": "FULL",
        "Date": 1664856195288,
        "Payment": "BAŞLANGIÇ"
      }
    ]
  },
  "TOKENS": {
    "Statistics": "OTA5NzMyNzUyNDE5NjEwNjQ0.GqRteJ.xZ3OYQuSzBWPVGkRlGzpsB-gwCMwBTJHRCJ8x4",
    "Voucher":"OTA5NzE2MTc4MDE0OTYxNzQ0.G_Nhik.PmvvD3oxLsAlK6oHgnlW9_s-sjFuX5SYvKOKEI",
    "SYNC": "OTA5NzMyNjY2OTgxNjEzNTc5.Gd1kKn.Ug7w7as44lbur3l-Owufwd_bwJioCLi3K2v3AY",
    "Executive": "OTA5NzMyNDcxNzI4Mzg2MDc5.GmNM2m.hlSUwrtGg1mf5eRaMsPXPytjMP2gYisFQzcqbk",
    "SECURITY": {
      "SEC_ONE": "OTA5NzM2MTEyMjQxNjcyMjAy.GfOgzq.piIsJWhVILEBzJjdkkB5D4wMmn0l8vcyfiNgOw",
      "SEC_TWO": "OTA5NzM2MjA1ODM3NTQ1NTIy.GcYdSZ.5CpTj9l7WTG7hUz4k0RKEBdnoT3uy6mSFN9lNc",
      "DISTS": [
        "OTA5NzM2MjYxNzgxMTY0MDgy.GKO8A_.wtA9AQOhJSAqpYMc8s_fd7uemt9xTRm1nxg1dg",
        "OTA5NzM2MzI0MTY3MjYyMjI4.GNcsbm.IbLTOjonidUGEg_dtWcl3iWwmUwevTvxjgNeNE",
        "OTA5ODAyMjA2OTMxMzMzMTcx.GHQWv_.uuAjzx3HoGlL3VGGzHL1DDKoLGDDNqYWnrVBGM"
      ]
    }
  },
  "botSettings": {
    "Prefixs": [
      ".",
      "+",
      "!",
      "/",
      "-",
      "?",
      "="
    ]
  },
  "Webclient": {
    "clientID": "994580677670477915",
    "secret": "I-k7cVzwuMIGNnHyhC4nrL3TBk1n_tnQ",
    "callbackURL": "http://127.0.0.1:4939/callback"
  },
  "botStatus": {
    "Tag":["More","more","Môre","môre","$","#1840"],
    "Status": "dnd",
    "Name": "1840 Creatéd by PΛSSENGER"
  },
  "Database": {
    "Active": true,
    "MongoURL": "mongodb+srv://passengerrbotss:passengerrbotss@cluster0.1w8bzzr.mongodb.net/1840bots?retryWrites=true&w=majority"
  }
}